headline,link
‘Deliberate and pre-planned’: Kerala CM orders probe into possible sabotage at this year’s Thrissur Pooram,https://indianexpress.com/article/india/pinarayi-vijayan-thrissur-pooram-adgp-9601743/
"Ashok Tanwar back in Congress, 5 years and several parties later: ‘Let bygones be bygones’",https://indianexpress.com/article/political-pulse/bjp-ashok-tanwar-joins-congress-haryana-9601721/
"Sensex, Nifty tank well over 1.5% each: What has triggered this fall?",https://indianexpress.com/article/business/market/sensex-nifty-stock-market-today-middle-east-conflict-9601407/
Tax crackdown draws links between NGOs — in ‘cause’ and funding patternSubscriber Only,https://indianexpress.com/article/india/tax-crackdown-draws-links-between-ngos-in-cause-and-funding-pattern-9600786/
ICC Women's T20 World Cup 2024: 10 things you must know about the tournament,https://indianexpress.com/article/sports/cricket/icc-womens-t20-world-cup-2024-all-you-need-to-know-9601010/
Delhi doctor shot dead by 2 boys who came for treatment,https://indianexpress.com/article/cities/delhi/doctor-shot-dead-boys-treatment-hospital-9601115/
From political rebellions to affordability: What trams meant to KolkataSubscriber Only,https://indianexpress.com/article/research/from-political-rebellions-to-affordability-what-trams-meant-to-kolkata9601186-9601186/
Coldplay ticket frenzy: The rise of the anti-fan,https://indianexpress.com/article/opinion/columns/coldplay-ticket-frenzy-the-rise-of-the-anti-fan-9601674/
"Why cow is back on Maharashtra Cabinet table, ‘love, vote jihad’ on Dy CM Fadnavis lips",https://indianexpress.com/article/political-pulse/love-vote-jihad-on-dy-cm-fadnavis-lips-9601121/
"Govt printed, then shelved its report on elephant census: Count fell by 20% in 5 years",https://indianexpress.com/article/express-exclusive/govt-printed-then-shelved-its-report-on-elephants-count-fell-by-20-in-5-years-9600775/
What went into the release of 2 Meitei men abducted by Kuki groups in Manipur,https://indianexpress.com/article/india/manipur-meitei-men-abducted-released-kuki-groups-behind-the-scenes-9601180/
"Cats, dogs and revival of nativist American nationhood in Trump-Vance narrativeSubscriber Only",https://indianexpress.com/article/opinion/columns/in-trump-vance-narrative-cats-dogs-and-revival-of-nativist-american-nationhood-9600741/
‘Starvation death’ of migrant worker in Chennai was actually food poisoning,https://indianexpress.com/article/cities/chennai/starvation-death-of-migrant-worker-in-chennai-was-actually-food-poisoning-says-top-doctor-9600682/
AI’s potential to solve for India is immense: Google India head,https://indianexpress.com/article/technology/artificial-intelligence/ais-potential-to-solve-for-india-is-immense-google-india-head-9601194/
"Why psychedelics hold promise for treating anxiety, depression",https://indianexpress.com/article/health-wellness/why-psychedelics-promise-treating-anxiety-depression-9600495/
"From Gemini updates to AI skills house, everything announced",https://indianexpress.com/article/technology/tech-news-technology/google-for-india-2024-event-everything-announced-9601629/
What 12 men did three centuries ago to make Durga Puja accessible to allSubscriber Only,https://indianexpress.com/article/express-sunday-eye/what-12-men-did-three-centuries-ago-to-make-durga-puja-accessible-to-all-8184299/
Parvin Dabas says was not drunk during car accident,https://indianexpress.com/article/lifestyle/life-style/parvin-dabas-accident-was-not-drinking-driving-high-beams-hazard-expert-safety-tips-9601142/
Unleash Your Potential with MSI Prestige & Modern H Series – The Ultimate Tools for Every Journey,https://indianexpress.com/article/lifestyle/sponsored-lifestyle/unleash-your-potential-with-msi-prestige-modern-h-series-the-ultimate-tools-for-every-journey-9588862/
"Air Arabia launches early bird promotion on 500,000 seats from INR 5,727!",https://indianexpress.com/article/business/sponsored-business/air-arabia-launches-early-bird-promotion-on-500000-seats-from-inr-5727-9595892/
‘Deliberate and pre-planned’: Kerala CM orders probe into possible sabotage at this year’s Pooram festival,https://indianexpress.com/article/india/pinarayi-vijayan-thrissur-pooram-adgp-9601743/
"Timetable of Mumbai Main Line suburban trains changed: New routes, extended services and all you need to know",https://indianexpress.com/article/cities/mumbai/timetable-mumbai-main-line-suburban-trains-changed-new-routes-extended-services-9601708/
"Currencies, stocks fall on Mideast caution; Hong Kong shares ease",https://indianexpress.com/article/business/world-market/currencies-stocks-fall-mideast-caution-hong-kong-shares-ease-9601724/
Bank of America customers stunned by technical glitch showing zero balances; know what happened,https://indianexpress.com/article/trending/trending-globally/bank-of-america-customers-stunned-by-technical-glitch-showing-zero-balances-9601735/
"Jaya Bachchan opts out of Parliament panel on IT, becomes member of Committee on Labour",https://indianexpress.com/article/india/jaya-bachchan-parliament-panel-it-labour-committee-9601722/
"Ashok Tanwar back in Congress, 5 years and several parties later: ‘Let bygones be bygones’",https://indianexpress.com/article/political-pulse/bjp-ashok-tanwar-joins-congress-haryana-9601721/
"Thalapathy 69 cast reveal: Pooja Hegde, Mamitha Baiju, Priyamani and Gautham Menon join Vijay-H Vinoth film",https://indianexpress.com/article/entertainment/tamil/thalapathy-69-cast-reveal-pooja-hegde-mamitha-baiju-priyamani-and-gautham-menon-join-vijay-h-vinoth-film-9601652/
"Cornered over MUDA ‘scam’, Siddaramaiah finds unlikely support from JD(S) MLA G T Devegowda",https://indianexpress.com/article/cities/bangalore/muda-scam-siddaramaiah-jds-mla-g-t-devegowda-9601689/
One of 3 shooters in Delhi’s Naraina car showroom firing arrested in encounter,https://indianexpress.com/article/cities/delhi/shooter-delhi-naraina-car-showroom-firing-encounter-9601696/
Badlapur sex abuse case: Bombay High Court orders quick magisterial inquiry into custodial death of accused,https://indianexpress.com/article/cities/mumbai/bombay-high-court-magisterial-inquiry-custodial-death-badlapur-sex-abuse-case-9601665/
Bengaluru man booked after viral video shows him firing gunshots in air,https://indianexpress.com/article/cities/bangalore/bengaluru-man-booked-viral-video-firing-gunshots-9601668/
‘I’m good at firing people’: Tech CEO sparks controversy with LinkedIn post claiming firing will keep teams ‘happy and strong’,https://indianexpress.com/article/trending/trending-globally/tech-ceo-sparks-controversy-with-linkedin-post-claiming-firing-is-good-9601687/
All We Imagine As Light filmmaker Payal Kapadia part of TIME100 Next 2024 list; Ayushmann Khurrana pens note: ‘Would be an honour to work with her’,https://indianexpress.com/article/entertainment/bollywood/all-we-imagine-as-light-filmmaker-payal-kapadia-part-of-time100-next-2024-list-ayushmann-khurrana-pens-note-would-be-an-honour-to-work-with-her-9601661/
Hurricane Helene: Man treks 27 miles through flooded roads to attend his daughter’s wedding,https://indianexpress.com/article/trending/trending-globally/hurricane-helene-man-treks-27-miles-through-flooded-roads-to-attend-his-daughters-wedding-9601647/
Coldplay ticket frenzy: The rise of the anti-fan,https://indianexpress.com/article/opinion/columns/coldplay-ticket-frenzy-the-rise-of-the-anti-fan-9601674/
The Internet believes your chopping board has more bacteria than a toilet seat; we verify,https://indianexpress.com/article/lifestyle/food-wine/chopping-board-has-more-bacteria-than-toilet-seat-is-it-true-9581972/
Prasanna joins cast of Ajith Kumar’s Good Bad Ugly: ‘He is full of humility and so grounded’,https://indianexpress.com/article/entertainment/tamil/prasanna-joins-cast-of-ajith-kumars-good-bad-ugly-he-is-full-of-humility-and-so-grounded-9601579/
"How parties have fared region-wise in Haryana: NCR, South for BJP, ‘Jat-Sikh Land’ for Congress",https://indianexpress.com/article/political-pulse/haryana-elections-bjp-congress-regions-9598048/
"Currencies, stocks fall on Mideast caution; Hong Kong shares ease",https://indianexpress.com/article/business/world-market/currencies-stocks-fall-mideast-caution-hong-kong-shares-ease-9601724/
"With Nasrallah’s killing, Israel steps deeper into the war without victorsSubscriber Only",https://indianexpress.com/article/opinion/columns/with-nashrallahs-killing-israel-steps-deeper-into-the-war-without-victors-9596880/
Why 2024's ICC Women's T20 World Cup could be the most competitive one yet,https://indianexpress.com/article/sports/cricket/womens-t20-world-cup-2024-competitive-preview-9600568/
NUMBERS GAME: Why does Mohammed Siraj struggle in Tests in India?,https://indianexpress.com/article/sports/cricket/numbers-game-why-does-mohammed-siraj-struggle-in-tests-in-india-9600420/
ICC Women's T20 World Cup 2024: 10 things you must know about the tournament,https://indianexpress.com/article/sports/cricket/icc-womens-t20-world-cup-2024-all-you-need-to-know-9601010/
"Killing of Hezbollah chief by Israel: As violence in Middle East continues, peace is a mirageSubscriber Only",https://indianexpress.com/article/opinion/columns/israel-kills-hezbollah-chief-middle-east-violence-9594495/
Critiques of Sanatan Dharma are not based in knowledge or humility,https://indianexpress.com/article/opinion/columns/critiques-of-sanatan-dharma-are-not-based-in-knowledge-or-humility-9600715/
"In Trump-Vance narrative, cats, dogs and revival of nativist American nationhoodSubscriber Only",https://indianexpress.com/article/opinion/columns/in-trump-vance-narrative-cats-dogs-and-revival-of-nativist-american-nationhood-9600741/
EXPRESS VIEW,
,
UPSC Specials,https://indianexpress.com/section/upsc-current-affairs/
WORLD,
